{
  "pools": [
    {
      "rolls": 1,
      "bonus_rolls": 1,
      "entries": [
        {
          "type": "minecraft:item",
          "name": "minecraft:echo_shard",
          "weight": 1,
          "functions": [
            {
              "function": "minecraft:set_name",
              "name": {
                "text": "Exit Code 1",
                "type": "text",
                "color": "red",
                "bold": true,
                "italic": false
              }
            },
            {
              "function": "minecraft:set_lore",
              "entity": "this",
              "lore": [
                [
                  {
                    "text": "Opens ",
                    "type": "text",
                    "color": "gray",
                    "italic": false
                  },
                  {
                    "text": "Exit 1",
                    "type": "text",
                    "color": "red",
                    "bold": true,
                    "italic": false
                  }
                ]
              ],
              "mode": "append"
            },
            {
              "function": "minecraft:set_components",
              "components": {
                "minecraft:custom_data": {
                  "exit": [
                    {
                      "code": 1
                    }
                  ],
                  "complexity": 1
                },
                "minecraft:enchantment_glint_override": true
              }
            }
          ]
        },
        {
          "type": "minecraft:item",
          "name": "minecraft:echo_shard",
          "weight": 1,
          "functions": [
            {
              "function": "minecraft:set_name",
              "name": {
                "text": "Exit Code 2",
                "type": "text",
                "color": "gold",
                "bold": true,
                "italic": false
              }
            },
            {
              "function": "minecraft:set_lore",
              "entity": "this",
              "lore": [
                [
                  {
                    "text": "Opens ",
                    "type": "text",
                    "color": "gray",
                    "italic": false
                  },
                  {
                    "text": "Exit 2",
                    "type": "text",
                    "color": "gold",
                    "bold": true,
                    "italic": false
                  }
                ]
              ],
              "mode": "append"
            },
            {
              "function": "minecraft:set_components",
              "components": {
                "minecraft:custom_data": {
                  "exit": [
                    {
                      "code": 2
                    }
                  ],
                  "complexity": 1
                },
                "minecraft:enchantment_glint_override": true
              }
            }
          ]
        },
        {
          "type": "minecraft:item",
          "name": "minecraft:echo_shard",
          "weight": 1,
          "functions": [
            {
              "function": "minecraft:set_name",
              "name": {
                "text": "Exit Code 3",
                "type": "text",
                "color": "yellow",
                "bold": true,
                "italic": false
              }
            },
            {
              "function": "minecraft:set_lore",
              "entity": "this",
              "lore": [
                [
                  {
                    "text": "Opens ",
                    "type": "text",
                    "color": "gray",
                    "italic": false
                  },
                  {
                    "text": "Exit 3",
                    "type": "text",
                    "color": "yellow",
                    "bold": true,
                    "italic": false
                  }
                ]
              ],
              "mode": "append"
            },
            {
              "function": "minecraft:set_components",
              "components": {
                "minecraft:custom_data": {
                  "exit": [
                    {
                      "code": 3
                    }
                  ],
                  "complexity": 1
                },
                "minecraft:enchantment_glint_override": true
              }
            }
          ]
        },
        {
          "type": "minecraft:item",
          "name": "minecraft:echo_shard",
          "weight": 1,
          "functions": [
            {
              "function": "minecraft:set_name",
              "name": {
                "text": "Exit Code 4",
                "type": "text",
                "color": "green",
                "bold": true,
                "italic": false
              }
            },
            {
              "function": "minecraft:set_lore",
              "entity": "this",
              "lore": [
                [
                  {
                    "text": "Opens ",
                    "type": "text",
                    "color": "gray",
                    "italic": false
                  },
                  {
                    "text": "Exit 4",
                    "type": "text",
                    "color": "green",
                    "bold": true,
                    "italic": false
                  }
                ]
              ],
              "mode": "append"
            },
            {
              "function": "minecraft:set_components",
              "components": {
                "minecraft:custom_data": {
                  "exit": [
                    {
                      "code": 4
                    }
                  ],
                  "complexity": 1
                },
                "minecraft:enchantment_glint_override": true
              }
            }
          ]
        },
        {
          "type": "minecraft:item",
          "name": "minecraft:echo_shard",
          "weight": 1,
          "functions": [
            {
              "function": "minecraft:set_name",
              "name": {
                "text": "Exit Code 5",
                "type": "text",
                "color": "blue",
                "bold": true,
                "italic": false
              }
            },
            {
              "function": "minecraft:set_lore",
              "entity": "this",
              "lore": [
                [
                  {
                    "text": "Opens ",
                    "type": "text",
                    "color": "gray",
                    "italic": false
                  },
                  {
                    "text": "Exit 5",
                    "type": "text",
                    "color": "blue",
                    "bold": true,
                    "italic": false
                  }
                ]
              ],
              "mode": "append"
            },
            {
              "function": "minecraft:set_components",
              "components": {
                "minecraft:custom_data": {
                  "exit": [
                    {
                      "code": 5
                    }
                  ],
                  "complexity": 1
                },
                "minecraft:enchantment_glint_override": true
              }
            }
          ]
        },
        {
          "type": "minecraft:item",
          "name": "minecraft:echo_shard",
          "weight": 1,
          "functions": [
            {
              "function": "minecraft:set_name",
              "name": {
                "text": "Exit Code 6",
                "type": "text",
                "color": "light_purple",
                "bold": true,
                "italic": false
              }
            },
            {
              "function": "minecraft:set_lore",
              "entity": "this",
              "lore": [
                [
                  {
                    "text": "Opens ",
                    "type": "text",
                    "color": "gray",
                    "italic": false
                  },
                  {
                    "text": "Exit 6",
                    "type": "text",
                    "color": "light_purple",
                    "bold": true,
                    "italic": false
                  }
                ]
              ],
              "mode": "append"
            },
            {
              "function": "minecraft:set_components",
              "components": {
                "minecraft:custom_data": {
                  "exit": [
                    {
                      "code": 6
                    }
                  ],
                  "complexity": 1
                },
                "minecraft:enchantment_glint_override": true
              }
            }
          ]
        },
        {
          "type": "minecraft:item",
          "name": "minecraft:echo_shard",
          "weight": 1,
          "functions": [
            {
              "function": "minecraft:set_name",
              "name": {
                "text": "Exit Code 7",
                "type": "text",
                "color": "dark_purple",
                "bold": true,
                "italic": false
              }
            },
            {
              "function": "minecraft:set_lore",
              "entity": "this",
              "lore": [
                [
                  {
                    "text": "Opens ",
                    "type": "text",
                    "color": "gray",
                    "italic": false
                  },
                  {
                    "text": "Exit 7",
                    "type": "text",
                    "color": "dark_purple",
                    "bold": true,
                    "italic": false
                  }
                ]
              ],
              "mode": "append"
            },
            {
              "function": "minecraft:set_components",
              "components": {
                "minecraft:custom_data": {
                  "exit": [
                    {
                      "code": 7
                    }
                  ],
                  "complexity": 1
                },
                "minecraft:enchantment_glint_override": true
              }
            }
          ]
        },
        {
          "type": "minecraft:item",
          "name": "minecraft:echo_shard",
          "weight": 1,
          "functions": [
            {
              "function": "minecraft:set_name",
              "name": {
                "text": "Exit Code 8",
                "type": "text",
                "color": "white",
                "bold": true,
                "italic": false
              }
            },
            {
              "function": "minecraft:set_lore",
              "entity": "this",
              "lore": [
                [
                  {
                    "text": "Opens ",
                    "type": "text",
                    "color": "gray",
                    "italic": false
                  },
                  {
                    "text": "Exit 8",
                    "type": "text",
                    "color": "white",
                    "bold": true,
                    "italic": false
                  }
                ]
              ],
              "mode": "append"
            },
            {
              "function": "minecraft:set_components",
              "components": {
                "minecraft:custom_data": {
                  "exit": [
                    {
                      "code": 8
                    }
                  ],
                  "complexity": 1
                },
                "minecraft:enchantment_glint_override": true
              }
            }
          ]
        }
      ],
      "functions": []
    }
  ]
}